Отель купидон - все серии! Очень интересная мелодрама!,3.6K views,11,7 days ago,СЕРИАЛЫ & КИНО | МЕЛОДРАМЫ,37 K followers
"МИССИЯ ""КРЕСТ"" (2024)",62.1K views,226,1 month ago,ДОРАМАЛЭНД ►TVSERIES,123 K followers
КВ2,19K views,53,1 month ago,Фильмы и Сериалы 2024,66.4 K followers
едиии,22.9K views,107,1 month ago,Вы и кино 2024 Убойный отпуск,52.2 K followers
чрншлвц.01,13.4K views,34,8 days ago,Турецкие сериалы,250 K followers
Сверхъестественное. 15 сезон,59.9K views,150,1 month ago,Сериалы,101 K followers
"Аниме: ""От простого человека до героя-разведчика"" / Все серии подряд / Марафон / Русская озвучка Anilibria",6.4K views,77,4 days ago,Аниме Онлайн | Смотреть все серии,31.9 K followers
Тᥲᥱжный дᥱтᥱктuв / 5 сезон: 1-2 серии из 2 / 2024 / HD,6.3K views,14,27 days ago,KinoHitHD | Фильмы | Сериалы,247 K followers
Мосул (2019),20.3K views,62,1 month ago,Исторические фильмы,122 K followers
"Фильм ""Чёрный пояс офицера"" (озвучка SoftBox)",56.5K views,324,19 days ago,Dramawid: Сын маминой подруги / Патинко 2,37.3 K followers
Фaнтoм 11-12 серия,7.1K views,8,1 month ago,Фильмы и сериалы,127 K followers
Джанго VS Гарри – КОНФЛИКТ ПОСЛЕ БОЯ! Донателло VS Боец из морга. Анубис & Никулин. Спартак VS Волк,438K views,1.3K,2 days ago,Hardcore Fighting Championship,817 K followers
Дом Лесника - что с ним стало. Собираем урожай на зиму. Волки рядом. Лесные,1.1M views,2.6K,3 days ago,ЛЕСНЫЕ - Жизнь в ЛЕСУ,63.9 K followers
"Оля Малащенко - о токсичных комиках, изменах, одиночестве и «Женском стендапе»",324K views,1.6K,3 days ago,FAMETIME TV,96.6 K followers
ЛИАЗ ЧИНИТСЯ. ШИШИГА НА ГУСЕНИЦАХ СТРОИТСЯ И ИСПЫТЫВАЕТСЯ.,264K views,3.6K,3 days ago,AcademeG //тру ориджинал групп//,380 K followers
"АвтоВАЗ возвращает Logan! | Zeekr отключит машины в России | Ford признал, что китайцы лучше",197K views,3.5K,1 day ago,Асафьев Стас,202 K followers
Все поединки первого отборочного этапа второго сезона в одном видео,672K views,217,3 days ago,Чемпионат «Битва роботов»,128 K followers
